Vinícius Jr,Vinícius Júnior
Jude Bellingham,Jude Bellingham
Rodrygo,Rodrygo
Joselu,Joselu
Valverde,Federico Valverde
Militão,Éder Militão
Brahim Díaz,Brahim Díaz
Camavinga,Eduardo Camavinga
Kroos,Toni Kroos
Courtois,Thibaut Courtois
Tchouameni,Aurélien Tchouaméni
Modric,Luka Modrić
David Alaba,David Alaba
Rüdiger,Antonio Rüdiger
Fran García,Fran García
Kepa,Kepa Arrizabalaga
Carvajal,Daniel Carvajal
Ceballos,Dani Ceballos
Mendy,Ferland Mendy
Arda Güler,Arda Güler
Lucas Vázquez,Lucas Vázquez
Nacho,Nacho Fernández
Álvaro Rodríguez,Álvaro Odriozola
Lunin,Andriy Lunin
Odriozola,Álvaro Odriozola
Reinier,Reinier
Isi Palazón,Isi Palazón
Álvaro García,Álvaro García
De Tomás,Raúl de Tomás
Pacha Espino,Alfonso Espino
Sergio Camello,Sergio Camello
de Frutos,Jorge de Frutos
Óscar Valentín,Óscar Valentín
Trejo,Óscar Trejo
Lejeune,Florian Lejeune
Dimitrievski,Stole Dimitrievski
Aridane Hernández,Aridane Hernández
Iván Balliu,Ivan Balliu
Andrei Ratiu,Andrés Martín
Bebé,Bebé
Unai López,Unai López
Abdul Mumin,Abdul Mumin
Andrés Martín,Andrés Martín
Dani Cárdenas,Dani Cárdenas
Jorge Moreno,Jorge Moreno
Martín Pascual,Martín Pascual
Pathé Ciss,Ismaila Ciss
Pep Chavarría,Josep Chavarría
Falcao,Radamel Falcao
Randy Nteka,Randy Nteka
Sergio Moreno,Sergio Moreno
José Pozo,José Pozo
Kike Perez,Kike Pérez
Gayà,José Luis Gayà
André Almeida,André Almeida
Giorgi Mamardashvili,Giorgi Mamardashvili
Javier Guerra,Javier Guerra
Diakhaby,Mouctar Diakhaby
Samu Castillejo,Samu Castillejo
Diego Lopez,Diego Lopez Noguerol
Guillamón,Hugo Guillamón
Sergi Canós,Sergi Canós
Thierry Correia,Thierry Correia
Gabriel Paulista,Gabriel Paulista
Pepelu,Pepelu
Cenk Özkacar,Cenk Özkaçar
Foulquier,Dimitri Foulquier
Hugo Duro,Hugo Duro
Jesús Vázquez,Jesús Vázquez
Marcos André,Marcos André
Alberto Mari,Alberto Mari
Cristhian Mosquera,Cristhian Mosquera
Jaume Doménech,Jaume Doménech
Cristian Rivero,Cristian Rivero
Francisco Pérez,Fran Pérez
Tsygankov,Viktor Tsygankov
Aleix García,Aleix García
Daley Blind,Daley Blind
Artem Dovbyk,Artem Dovbyk
Yangel Herrera,Yangel Herrera
Arnau Martínez,Arnau Martínez
Paulo Gazzaniga,Paulo Gazzaniga
David López,David López
Miguel Gutiérrez,Miguel Gutiérrez
Santiago Bueno,Santiago Bueno
Yan Couto,Yan Couto
Iván Martín,Iván Martín
Stuani,Cristhian Stuani
Alexander Callens,Alexander Callens
Sávio,Sávio
Bernardo,Bernardo Espinosa
Borja García,Borja García
Juanpe,Juanpe
Eric Monjonell,Eric Monjonell
Joel Roca,Jastin García
Juan Carlos Martín,Juan Carlos
Pablo Torre,Pablo Torre
Toni Villa,Toni Villa
Valery,Valery Fernández
Fuidias,Toni Fuidias
Ibrahima Kébé,Ibrahima Kébé
Griezmann,Antoine Griezmann
João Félix,João Félix
Morata,Álvaro Morata
Ángel Correa,Ángel Correa
Carrasco,Yannick Carrasco
Memphis Depay,Memphis Depay
Rodrigo de Paul,Rodrigo de Paul
Llorente,Marcos Llorente
Nahuel Molina,Nahuel Molina
Oblak,Jan Oblak
Azpilicueta,César Azpilicueta
Giménez,José María Giménez
Koke,Koke
Hermoso,Mario Hermoso
Samuel Lino,Samuel Lino
Galán,Javi Galán
Saúl,Saúl Ñíguez
Lemar,Thomas Lemar
Reinildo Mandava,Reinildo Isnard Mandava
Savic,Stefan Savić
Rodrigo Riquelme,Rodrigo Riquelme
Caglar Söyüncü,Çağlar Söyüncü
Axel Witsel,Axel Witsel
Borja Garcés,Borja Garcés
Grbic,Ivo Grbić
Pablo Barrios,Pablo Barrios
Vitolo,Vitolo
Lewandowski,Robert Lewandowski
Pedri,Pedri
Frenkie De Jong,Frenkie de Jong
Gündogan,İlkay Gündoğan
Raphinha,Raphinha
Gavi,Gavi
Ter Stegen,Marc-André ter Stegen
Koundé,Jules Koundé
Ronald Araújo,Ronald Araújo
Ferran Torres,Ferran Torres
Alejandro Balde,Alejandro Baldé
Christensen,Andreas Christensen
Ansu Fati,Ansu Fati
Iñigo Martínez,Iñigo Martínez
Oriol Romeu,Oriol Romeu
Lenglet,Clément Lenglet
Ez Abde,Alejandro Baldé
Sergi Roberto,Sergi Roberto
Marcos Alonso,Marcos Alonso
Eric García,Eric García
Lamine Yamal,Lamine Yamal
Fermín López,Clément Lenglet
Iñaki Peña,Iñaki Peña
Borja Iglesias,Borja Iglesias
Guido Rodríguez,Guido Rodríguez
Bartra,Marc Bartra
Bellerín,Héctor Bellerín
Fekir,Nabil Fekir
Carvalho,William Carvalho
Ayoze Pérez,Ayoze Pérez
Isco,Isco
Marc Roca,Marc Roca
Rodrigo Sanchez,Rodri Sánchez
Luiz Felipe,Luiz Felipe
Juan Miranda,Juan Miranda
Luiz Henrique,Luiz Henrique
Pezzella,Germán Pezzella
Sabaly,Youssouf Sabaly
Rui Silva,Rui Silva
Bravo,Claudio Bravo
Ruibal,Aitor Ruibal
Guardado,Andrés Guardado
Willian José,Willian José
Abner Vinicius,Abner Vinícius
Chadi Riad,Chadi Riad
Juan Cruz Díaz,Aitor Ruibal
Akouokou,Paul Akouokou
Sergi Altimira,Sergi Altimira
David García,David García
Chimy Ávila,Chimy Ávila
Moi Gómez,Moi Gómez
Budimir,Ante Budimir
Catena,Alejandro Catena
Torró,Lucas Torró
Moncayola,Jon Moncayola
Aimar Oroz,Aimar Oroz
Rubén García,Rubén García
Kike Barja,Kike Barja
Aitor Fernández,Aitor Fernández
Arnáiz,José Manuel Arnáiz
Raul García de Haro,Raul García de Haro
Sergio Herrera,Sergio Herrera
Brasanac,Darko Brašanac
Jesús Areso,Jesús Areso
Mojica,Johan Mojica
Juan Cruz,Juan Cruz
Nacho Vidal,Nacho Vidal
Rubén Peña,Rubén Peña
Unai García,Unai García
Pablo Ibáñez,Pablo Ibáñez Lumbreras
Iker Muñoz,Asier Benito
Jorge Herrando,Jorge Herrando
Ianis Hagi,Antonio Sivera
Gorosabel,Andoni Gorosabel
Giuliano Simeone,Giuliano Simeone
Rioja,Luis Rioja
Abdel Abqar,Abdelkabir Abqar
Rubén Duarte,Rubén Duarte
Miguel De La Fuente,Miguel de la Fuente
Nahuel Tenaglia,Nahuel Tenaglia
Sylla,Mamadou Sylla
Xeber Alkain,Xeber Alkain
Aleksandar Sedlar,Aleksandar Sedlar
Abde Rebbach,Abderrahman Rebbach
Guevara,Ander Guevara
Antonio Blanco,Antonio Blanco
Carlos Benavidez,Carlos Benavídez
Jon Guridi,Jon Guridi
Javi López,Javi López
Kike García,Kike García
Nikola Maras,Nikola Maraš
Rafa Marín,Rafa Marín
Sivera,Antonio Sivera
Samu Omorodion,Mamadou Diallo
Abdallahi Mahmoud,Abdallahi Mahmoud
Jesús Owono,Jesús Owono
Nico Williams,Nico Williams
Williams,Iñaki Williams
Sancet,Oihan Sancet
Berenguer,Álex Berenguer
Muniain,Iker Muniain
Yeray,Yeray Álvarez
Unai Simón,Unai Simón
Dani Vivian,Daniel Vivian
Vesga,Mikel Vesga
Yuri,Yuri Berchiche
de Marcos,Óscar de Marcos
Ruiz de Galarreta,Iñigo Ruiz de Galarreta
Guruzeta,Gorka Guruzeta
Ander Herrera,Ander Herrera
Dani García,Dani García
Imanol García,Imanol García de Albéniz
Nolaskoain,Peru Nolaskoain Esnal
Raúl García,Raúl García
Villalibre,Asier Villalibre
Javier Martón,Javier Martón Ansó
Agirrezabala,Julen Agirrezabala
Lekue,Íñigo Lekue
Malcom Ares,Malcom Ares
Aitor Paredes,Aitor Paredes
Beñat Prados,Beñat Prados
Gerard Moreno,Gerard Moreno
Parejo,Dani Parejo
Yéremi Pino,Yéremy Pino
Sørloth,Alexander Sørloth
Álex Baena,Álex Baena
Foyth,Juan Foyth
Ben Brereton,Ben Brereton Díaz
Santi Comesaña,Santi Comesaña
Étienne Capoue,Étienne Capoue
Pedraza,Alfonso Pedraza
Denis Suárez,Denis Suárez
Morales,José Luis Morales
Albiol,Raúl Albiol
Mandi,Aïssa Mandi
Coquelin,Francis Coquelin
Pepe Reina,Pepe Reina
Ramón Terrats,Ramón Terrats
Trigueros,Manu Trigueros
Ilias Akhomach,Ilias Akhomach
Alberto Moreno,Alberto Moreno
Jorge Cuenca,Jorge Cuenca
Kiko Femenía,Kiko Femenía
Matteo Gabbia,Matteo Gabbia
Filip Jörgensen,Filip Jörgensen
Ledesma,Jeremías Ledesma
Escalante,Gonzalo Escalante
Darwin Machís,Darwin Machís
Luis Hernández,Luis Hernández
Álex Fernández,Álex Fernández
Maxi Gómez,Maximiliano Gómez
Iza,Iza Carcelén
Jorge Meré,Jorge Meré
Rubén Alcaraz,Rubén Alcaraz
Sobrino,Rubén Sobrino
Fali,Fali
Lucas Pires,Lucas Pires
Milutin Osmajic,Milutin Osmajić
Brian Ocampo,Brian Ocampo
Chris Ramos,Chris Ramos
Chust,Víctor Chust
San Emeterio,Fede San Emeterio
Javi Hernández,Javier Hernández
Momo Mbaye,Mamadou Mbaye
Negredo,Álvaro Negredo
Roger,Roger Martí
Guardiola,Sergi Guardiola
Zaldua,Joseba Zaldúa
David Gil,David Gil
Iván Alejo,Iván Alejo
José Mari,José Mari
Martín Calderón,Martín Calderón
Youba Diarra,Youba Diarra
André Silva,André Silva
Mikel Merino,Mikel Merino
Kubo,Takefusa Kubo
Oyarzabal,Mikel Oyarzabal
Zubimendi,Martín Zubimendi
Brais Méndez,Brais Méndez
Arsen Zakharyan,Arsen Zakharyan
Le Normand,Robin Le Normand
Hamari Traoré,Hamari Traore
Remiro,Álex Remiro
Kieran Tierney,Ekain Azkune
Zubeldia,Igor Zubeldia
Umar Sadiq,Umar Sadiq
Elustondo,Aritz Elustondo
Barrenetxea,Ander Barrenetxea
Aihen Muñoz,Aihen Muñoz
Diego Rico,Diego Rico
Mohamed-Ali Cho,Mohamed-Ali Cho
Jon Karrikaburu,Jon Karrikaburu
Alex Sola,Álex Sola
Carlos Fernández,Carlos Fernández
Jon Pacheco,Jon Pacheco
Merquelanz,Martín Merquelanz
Unai Marrero,Unai Marrero
Beñat Turrientes,Beñat Turrientes
Robert Navarro,Robert Navarro
Jon Ander Olasagasti,Jon Ander Olasagasti
Pablo Marín,Hugo Martín
Vedat Muriqi,Vedat Muriqi
Darder,Sergi Darder
Maffeo,Pablo Maffeo
Rajkovic,Predrag Rajković
Raíllo,Antonio Raíllo
Martin Valjent,Martin Valjent
S. Van Der Heyden,Siebe Van Der Heyden
Cyle Larin,Cyle Larin
Dani Rodríguez,Dani Rodríguez
Copete,José Copete
Omar Mascarell,Omar Mascarell
Samú Costa,Samuel Costa
Jaume Costa,Jaume Costa
Morlanes,Manu Morlanes
Lato,Toni Lato
Abdón Prats,Abdón Prats
Amath,Amath Ndiaye
Giovanni González,Giovanni González
Josep Gaya,Josep Gayá
Antonio Sánchez,Antonio Sánchez
Clément Grenier,Clément Grenier
Cuéllar,Miquel Llabres
Dominik Greif,Dominik Greif
Javi Llabrés,Javi Llabrés
Jonathan Viera,Jonathan Viera
Alberto Moleiro,Alberto Moleiro
Julián Araujo,Julian Araujo
Munir,Munir El Haddadi
Enzo Loiodice,Enzo Loiodice
Pejiño,Pejiño
Sandro,Sandro Ramírez
Alex Suárez,Alex Suárez
Álvaro Lemos,Álvaro Lemos
Álvaro Vallés,Álvaro Valles
Benito Ramirez,Benito Ramírez
Cristian Herrera,Cristian Herrera
Daley Sinkgraven,Daley Sinkgraven
Eric Curbelo,Eric Curbelo
Marc Cardona,Marc Cardona
Mika Mármol,Mika Mármol
Sergi Cardona,Sergi Cardona
Sory Kaba,Sory Kaba
Fabio González,Fabio González
Javi Muñoz,Javier Muñoz
Kirian Rodríguez,Kirian Rodríguez
Marvin Park,Marvin Park
Máximo Perrone,Máximo Perrone
Mfulu,Omenuke Mfulu
Saúl Coco,Saúl Coco
Escandell,Aarón Escandell
Iago Aspas,Iago Aspas
Jonathan Bamba,Jonathan Bamba
Douvikas,Gabri Veiga
Fran Beltrán,Fran Beltrán
Carles Pérez,Carles Pérez
Aidoo,Joseph Aidoo
Unai Núñez,Unai Núñez
Strand Larsen,Jørgen Strand Larsen
Carl Starfelt,Carl Starfelt
Manu Sánchez,Manuel Sánchez
Tapia,Renato Tapia
Franco Cervi,Franco Cervi
Iván Villar,Iván Villar
Marchesín,Agustín Marchesín
Carlos Dominguez,Carlos Domínguez
Gonçalo Paciência,Gonçalo Paciência
Kevin Vázquez,Kevin Vázquez
Luca de la Torre,Luca De La Torre
Miguel Rodríguez,Miguel Rodríguez
Mingueza,Óscar Mingueza
Carreira,Sergio Carreira
Baeza,Miguel Baeza
Swedberg,Williot Swedberg
Carlos Dotor,Carlos Dotor
Hugo Sotelo,Hugo Sotelo
Enes Ünal,Enes Ünal
David Soria,David Soria
Maksimovic,Nemanja Maksimović
Luis Milla,Luis Milla
Arambarri,Mauro Arambarri
Mayoral,Borja Mayoral
Djené,Djené
Omar Alderete,Omar Alderete
Aleñá,Carles Aleñá
Domingos Duarte,Domingos Duarte
Portu,Portu
Choco Lozano,Anthony Lozano
Damián Suárez,Damián Suárez
Juan Iglesias,Juan Iglesias
Fabricio Angileri,Fabrizio Angileri
Mata,Jaime Mata
José Ángel Carmona,José Ángel Carmona
Juanmi Latasa,Juanmi Latasa
Stefan Mitrovic,Stefan Mitrović
Daniel Fuzato,Daniel Fuzato
Gastón Álvarez,Gastón Álvarez
En-Nesyri,Youssef En-Nesyri
Djibril Sow,Djibril Sow
Dodi Lukébakio,Dodi Lukébakio
Gudelj,Nemanja Gudelj
Acuña,Marcos Acuña
Ocampos,Lucas Ocampos
Idrissi,Oussama Idrissi
Loïc Badé,Loïc Badé
Erik Lamela,Erik Lamela
Rakitic,Ivan Rakitić
Suso,Suso
Fernando,Fernando
Januzaj,Adnan Januzaj
Óliver Torres,Óliver Torres
Dmitrovic,Marko Dmitrović
Federico Gattoni,Federico Gattoni
Jordán,Joan Jordán
Óscar,Óscar Rodríguez
Papu Gómez,Papu Gómez
Rafa Mir,Rafa Mir
Tecatito,Marcão
Jesús Navas,Jesús Navas
Juanlu Sánchez,Juanlu Sánchez
Marcão,Marcão
Kike Salas,Kike Salas
Pedrosa,Adrià Pedrosa
Tanguy Nianzou,Tanguy Nianzou
Ørjan Nyland,Ørjan Nyland
Alfonso Pastor,Alfonso Pastor
Myrto Uzuni,Myrto Uzuni
José Callejón,José Callejón
Gonzalo Villar,Gonzalo Villar
André Ferreira,André Ferreira
Bryan Zaragoza,Bryan Zaragoza
Carlos Neva,Carlos Neva
Gumbau,Gerard Gumbau
Miguel Rubio,Miguel Rubio
Ricard Sánchez,Ricard Sánchez
Antoñín,Antoñín
Puertas,Antonio Puertas
Ignasi Miquel,Ignasi Miquel
Melendo,Óscar Melendo
Sergio Ruiz,Sergio Ruiz Alonso
Weissman,Shon Weissman
Wilson Manafá,Wilson Manafá
Famara Diédhiou,Famara Diédhiou
Jesús Vallejo,Jesús Vallejo
Njegos Petrovic,Njegoš Petrović
Raúl Torrente,Raúl Torrente
Víctor Díaz,Víctor Díaz
Perea,Alberto Perea
Alpha Diounkou,Alpha Dionkou
Raúl Fernández,Raúl Fernández
Bodiger,Yann Bodiger
Alberto Soro,Alberto Soro
Lucas Robertone,Lucas Robertone
Fernando Martinez,Fernando Martínez
Melero,Gonzalo Melero
Luis J. Suárez,Luis Javier Suárez
Embarba,Adrián Embarba
Lázaro,Lázaro
Edgar González,Edgar González
Leo Baptistão,Léo Baptistão
Pozo,Alejandro Pozo
Baba,Iddrisu Baba
Ibrahima Koné,Ibrahima Kone
Largie Ramazani,Largie Ramazani
Marc Pubill,Marc Pubill
Álex Centelles,Álex Centelles
Chumi,Chumi
Houboulang Mendes,Houboulang Mendes
Kaiky,Kaiky
Akieme,Sergio Akieme
Arnau Puigmal,Arnau Puigmal
Diego Mariño,Diego Mariño
Dion Lopy,Dion Lopy
Eguaras,Íñigo Eguaras
Maximiano,Luís Maximiano
Marko Milovanović,Marko Milovanović
Gui,Gui
Sergio Arribas,Sergio Arribas
Andrei Ratiu,Andrei Ratiu
Ianis Hagi,Ianis Hagi
Kieran Tierney,Kieran Tierney
